prompt,criterion,structure,generator,gen_display,n_valid,n_invalid,kappa,bias,fp,fn,fpr,fnr
p1,Faithfulness,Terse,llama3-8b,L,300,0,0.5316509837467922,0.2366666666666667,72,1,0.43373493975903615,0.007462686567164179
p1,Faithfulness,Terse,gemma-2-9b,G,300,0,0.46564885496183206,0.21999999999999997,75,9,0.4032258064516129,0.07894736842105263
p1,Faithfulness,Terse,mistral-7b,M,300,0,0.17355371900826452,0.3866666666666666,119,3,0.8095238095238095,0.0196078431372549
p1,Faithfulness,Terse,ALL,All,900,0,0.40916534899480445,0.28111111111111114,266,13,0.533066132264529,0.032418952618453865
p1s,Faithfulness,Structured,llama3-8b,L,300,0,0.4038559107052257,0.29333333333333333,91,3,0.5481927710843374,0.022388059701492536
p1s,Faithfulness,Structured,gemma-2-9b,G,300,0,0.34373452204061405,0.28,95,11,0.510752688172043,0.09649122807017543
p1s,Faithfulness,Structured,mistral-7b,M,300,0,0.10411293606624142,0.43333333333333335,131,1,0.891156462585034,0.006535947712418301
p1s,Faithfulness,Structured,ALL,All,900,0,0.30478322172947964,0.33555555555555555,317,15,0.6352705410821643,0.03740648379052369
p2t,Factual,Terse,llama3-8b,L,300,0,0.7561856601047499,-0.019999999999999962,15,21,0.09036144578313253,0.15671641791044777
p2t,Factual,Terse,gemma-2-9b,G,300,0,0.7494272623138601,-0.023333333333333317,14,21,0.07526881720430108,0.18421052631578946
p2t,Factual,Terse,mistral-7b,M,300,0,0.6262181284207716,0.020000000000000018,31,25,0.2108843537414966,0.16339869281045752
p2t,Factual,Terse,ALL,All,900,0,0.7139009591701877,-0.007777777777777772,60,67,0.12024048096192384,0.16708229426433915
p2,Factual,Structured,llama3-8b,L,300,0,0.810913019989195,-0.006666666666666654,13,15,0.0783132530120482,0.11194029850746269
p2,Factual,Structured,gemma-2-9b,G,300,0,0.7629310344827587,-0.030000000000000027,12,21,0.06451612903225806,0.18421052631578946
p2,Factual,Structured,mistral-7b,M,300,0,0.6328437917222963,0.023333333333333317,31,24,0.2108843537414966,0.1568627450980392
p2,Factual,Structured,ALL,All,900,0,0.7388733535764844,-0.0044444444444444176,56,60,0.11222444889779559,0.14962593516209477
