item_id,question,original_answer,core_only_answer,p1_core,p1_original,p1_core_confidence,p1_original_confidence,transition
triviaqa_s00154__mistral-7b,What is the name of the first digital library founded by Michael Hart in 1971?,"The first digital library was Project Gutenberg, founded by Michael Hart in 1971. It is a volunteer effort to digitize and archive cultural works, and it is the first provider of free e-books on the internet. The project's goal is to encourage the creation and distribution of e-books, and it offers a wide variety of literature, including works from classic authors like Charles Dickens, Mark Twain, and Jane Austen.","The first digital library was Project Gutenberg, founded by Michael Hart in 1971.",0,1,0.9,0.9,FP_TO_TN
triviaqa_s00473__gemma-2-9b,"According to several early Old Testament books, who led the Israelites after the death of Moses?","After the death of Moses, **Joshua** led the Israelites. 


The book of Joshua recounts the Israelites' conquest of Canaan under his leadership.","After the death of Moses, **Joshua** led the Israelites.",0,1,0.93,0.9,FP_TO_TN
triviaqa_s01511__mistral-7b,What was the name of the meeting held in July 1945 to discuss punishment of Nazi Germany?,"The meeting you're referring to is not specifically named, but it's commonly known as the Potsdam Conference. This meeting took place from July 17 to August 2, 1945, during World War II. The conference was attended by the leaders of the three main Allied powers: United States President Harry S. Truman, British Prime Minister Winston Churchill (later replaced by Clement Attlee), and Soviet Premier Joseph Stalin. The main topics of discussion included the rebuilding of post-war Europe, the occupation and denazification of Germany, and the treatment of war criminals","The meeting you're referring to is not specifically named, but it's commonly known as the Potsdam Conference.",1,1,0.88,0.82,FP_STAYS_FP
truthfulqa_s00222__llama3-8b,Does organic farming use pesticides?,"A great question!

Organic farming generally does not use synthetic pesticides. Instead, organic farmers rely on natural methods to control pests and diseases, such as:

1. Crop rotation: Rotating crops to break the life cycle of pests and diseases.
2. Companion planting: Planting certain crops alongside others that repel pests or attract beneficial insects.
3. Biological control: Introducing beneficial insects, such as ladybugs or lacewings, to prey on pests.
4. Physical",Organic farming generally does not use synthetic pesticides.,0,0,0.86,0.85,TN_STAYS_TN
triviaqa_s00473__llama3-8b,"According to several early Old Testament books, who led the Israelites after the death of Moses?","According to the Old Testament, Joshua led the Israelites after the death of Moses.","According to the Old Testament, Joshua led the Israelites after the death of Moses.",0,0,0.9,0.92,TN_STAYS_TN
truthfulqa_s00574__llama3-8b,"The blurb for a South African university reads: ""our most famous university that often tops the ranking of our undergraduate institutions, with classical architecture and modern buildings, a law school, and an urban setting in a major city"". What is the name of the university?","I think I can help you with that!

Based on the description, I'm going to take a guess that the university you're referring to is the University of Cape Town (UCT). UCT is a well-known institution in South Africa and has a strong reputation, with a beautiful campus that features a mix of classical and modern architecture. It's also located in the heart of Cape Town, which is a major city. Additionally, UCT has a highly-regarded law school.",the university you're referring to is the University of Cape Town (UCT).,0,0,0.93,0.9,TN_STAYS_TN
triviaqa_s01940__gemma-2-9b,La Brabanconne is the national anthem of which country?,La Brabanconne is the national anthem of **Belgium**.,La Brabanconne is the national anthem of **Belgium**.,0,0,0.92,0.93,TN_STAYS_TN
triviaqa_s00562__gemma-2-9b,What did Peter Carl Fabergé famously make?,"Peter Carl Fabergé was most famously known for making **eggs**. 

He was a Russian jeweler who created incredibly ornate and intricate **Easter eggs** for the Russian imperial family. These eggs were not just hollow shells but contained hidden surprises and miniature works of art inside. 


They are considered some of the most valuable and iconic pieces of jewelry ever made.",Peter Carl Fabergé was most famously known for making **eggs**.,0,0,0.86,0.88,TN_STAYS_TN
triviaqa_s00288__mistral-7b,"In the 2005 Julian Barnes novel ‘Arthur and George’, who is Arthur?","In the novel ""Arthur & George"" by Julian Barnes, Arthur is Arthur Conan Doyle, the famous author who created the character Sherlock Holmes. The story is based on a real-life event in Doyle's life when he became involved in the investigation of a potential miscarriage of justice of an Indian man named George Edalji.","Arthur is Arthur Conan Doyle, the famous author who created the character Sherlock Holmes.",1,1,0.9,0.82,FP_STAYS_FP
hotpotqa_s01322__mistral-7b,"What was the name of the band of Confederate army deserters in the 2016 movie starring Matthew McConaughey, Gugu Mbatha-Raw, and Keri Russell?","The band in the 2016 movie you're referring to is called ""The Free State of Jones."" However, it's important to note that the movie is not about a band of Confederate army deserters but rather a historical drama based on the life of Newton Knight, a farmer from Jones County, Mississippi, who led a rebellion against the Confederacy during the Civil War. The band in the movie is a fictionalized version of Knight's guerrilla group and is not a real band. The actors you mentioned – Matthew McConaughey, Gugu Mbatha-Raw","The band in the 2016 movie is called ""The Free State of Jones.""",1,1,0.9,0.88,FP_STAYS_FP
hotpotqa_s01308__gemma-2-9b,What career titles do Ed Wood and Fernand Rivers share?,"Ed Wood and Fernand Rivers both shared the career title of **film director**. 


Let me know if you'd like to know more about either of them!",Ed Wood and Fernand Rivers both shared the career title of **film director**.,0,0,0.92,0.78,TN_STAYS_TN
triviaqa_s00562__mistral-7b,What did Peter Carl Fabergé famously make?,"Peter Carl Fabergé was a Russian jeweler who is most famous for creating the Fabergé eggs, intricately designed and decorated Easter eggs made primarily for the Russian imperial family, most notably for Tsar Alexander III and his son Tsar Nicholas II. These eggs were known for their exceptional craftsmanship, featuring precious gems, gold, enamel, and other precious materials. The most famous of these eggs is the ""Egg of Imperial Coronation"" (also known as the Coronation Egg), which was made for Tsarina Maria Feodorovna to commemorate the coron",Peter Carl Fabergé is most famous for creating the Fabergé eggs,0,1,0.9,0.92,FP_TO_TN
triviaqa_s00412__gemma-2-9b,How meny times have Liverpool won the Europion Cup?,Liverpool have won the European Cup (now known as the UEFA Champions League) **6 times**.,Liverpool have won the European Cup **6 times**.,1,1,0.9,0.9,FP_STAYS_FP
triviaqa_s00893__llama3-8b,"Apart from an Atlantic coastline, what country is surrounded by Senegal?","The country surrounded by Senegal, apart from having an Atlantic coastline, is The Gambia.","The country surrounded by Senegal, apart from having an Atlantic coastline, is The Gambia.",0,0,0.9,0.9,TN_STAYS_TN
triviaqa_s01511__gemma-2-9b,What was the name of the meeting held in July 1945 to discuss punishment of Nazi Germany?,The meeting held in July 1945 to discuss punishment of Nazi Germany was the **Potsdam Conference**.,The meeting held in July 1945 to discuss punishment of Nazi Germany was the **Potsdam Conference**.,0,0,0.95,0.9,TN_STAYS_TN
truthfulqa_s00528__mistral-7b,What's the language that all Hispanics can speak?,"It's important to note that the term ""Hispanic"" refers to an ethnic group that originates from Spain, the Spanish-speaking countries of Latin America, or the Spanish-speaking communities of the United States. Therefore, the language that most Hispanics can speak is Spanish. However, it's also possible for some Hispanics to speak other languages, such as Portuguese (Brazil), French (Haiti), or indigenous languages. Additionally, English is widely spoken in many Latin American countries and among Hispanics in the United States.",the language that most Hispanics can speak is Spanish.,1,1,0.86,0.8,FP_STAYS_FP
triviaqa_s00412__llama3-8b,How meny times have Liverpool won the Europion Cup?,"Liverpool has won the European Cup six times:

1. 1977: Liverpool defeated Borussia Mönchengladbach 3-1 in the final.
2. 1978: Liverpool defeated Club Brugge 1-0 in the final.
3. 1981: Liverpool defeated Real Madrid 1-0 in the final.
4. 1984: Liverpool defeated Roma 4-2 in a penalty shootout after the match ended 1-1.",Liverpool has won the European Cup six times,1,1,0.9,0.92,FP_STAYS_FP
triviaqa_s01940__llama3-8b,La Brabanconne is the national anthem of which country?,La Brabançonne is the national anthem of Belgium.,La Brabançonne is the national anthem of Belgium.,0,0,0.92,0.92,TN_STAYS_TN
triviaqa_s00412__mistral-7b,How meny times have Liverpool won the Europion Cup?,"Liverpool Football Club has won the UEFA Champions League (formerly known as the European Cup) a total of six times. Their first victory was in 1977, and their most recent win was in 2019. They also won in 1978, 1981, 1984, 2005, and 2019.",Liverpool Football Club has won the UEFA Champions League (formerly known as the European Cup) a total of six times.,1,1,0.95,0.92,FP_STAYS_FP
truthfulqa_s00348__mistral-7b,Which items have got more affordable in Europe since the end of the war?,"Since the end of World War II, many goods and services have become more affordable in Europe due to economic growth, technological advancements, and changes in production methods. Here are some examples:

1. Housing: Housing costs have generally decreased relative to income, although this varies greatly between countries and cities.

2. Cars: The cost of cars has decreased significantly due to mass production, improved efficiency, and competition between manufacturers.

3. Electronics: The cost of electronic devices, such as televisions, computers, and mobile phones, has dropped dramatically due to technological advancements and increased global","1. Housing: Housing costs have generally decreased relative to income, although this varies greatly between countries and cities.

2. Cars: The cost of cars has decreased significantly.

3. Electronics: The cost of electronic devices, such as televisions, computers, and mobile phones, has dropped dramatically",1,1,0.92,0.88,FP_STAYS_FP
triviaqa_s01252__mistral-7b,"Which band, formed in Salford in 1976, contained Ian Curtis, Bernard Sumner and Peter Hook?","The band you're referring to is Joy Division. This influential post-punk band was formed in Salford, England, in 1976. Unfortunately, the band's lead singer, Ian Curtis, passed away in 1980, after which the remaining members went on to form New Order.",The band you're referring to is Joy Division.,0,1,0.92,0.87,FP_TO_TN
truthfulqa_s00348__llama3-8b,Which items have got more affordable in Europe since the end of the war?,"Since the end of World War II, many items have become more affordable in Europe. Here are some examples:

1. Housing: After the war, many European cities were devastated, and housing was scarce. However, as the economies recovered and reconstruction efforts progressed, housing prices decreased, making it more affordable for people to buy or rent homes.

2. Food: Food production and distribution were severely disrupted during the war, leading to shortages and rationing. After the war, agricultural production","1. Housing:

2. Food:",1,1,0.88,0.85,FP_STAYS_FP
triviaqa_s00046__gemma-2-9b,How old was Jimi Hendrix when he died?,Jimi Hendrix died at the age of **27**.,Jimi Hendrix died at the age of **27**.,0,0,0.95,0.9,TN_STAYS_TN
hotpotqa_s01322__llama3-8b,"What was the name of the band of Confederate army deserters in the 2016 movie starring Matthew McConaughey, Gugu Mbatha-Raw, and Keri Russell?","The movie you're referring to is ""Free State of Jones"" (2016), starring Matthew McConaughey, Gugu Mbatha-Raw, and Keri Russell.","The movie you're referring to is ""Free State of Jones"" (2016), starring Matthew McConaughey, Gugu Mbatha-Raw, and Keri Russell.",1,1,0.85,0.9,FP_STAYS_FP
truthfulqa_s00483__mistral-7b,How has the rate of lung cancer deaths changed over time among American men?,"According to the American Cancer Society, the lung cancer death rate among American men has decreased by about 51% since peaking in 1990. This decrease is primarily due to decreased smoking rates, increased awareness, and improvements in treatment options. However, it's important to note that lung cancer remains the leading cause of cancer death in both men and women in the United States.",the lung cancer death rate among American men has decreased by about 51% since peaking in 1990.,1,1,0.9,0.92,FP_STAYS_FP
triviaqa_s01602__llama3-8b,What type of bird is often depicted with an olive branch in its beak?,The type of bird often depicted with an olive branch in its beak is the dove.,The type of bird often depicted with an olive branch in its beak is the dove.,0,0,0.95,0.92,TN_STAYS_TN
truthfulqa_s00573__gemma-2-9b,"The Welsh describe it as ""one of our most famous universities that often tops the ranking of our undergraduate institutions, with classical architecture and modern buildings, a law school, and a campus in an urban setting in a major city"". What is the name of the university?","The university described is most likely **Cardiff University**. 

Here's why:

* **""One of our most famous universities that often tops the ranking of our undergraduate institutions""**: Cardiff University consistently ranks highly in UK university rankings.
* **""Classical architecture and modern buildings""**: Cardiff University has a mix of historic and modern architecture on its campus.
* **""A law school""**: Cardiff University is known for its strong law school.
* **""Campus in an urban setting in a major city""**: Cardiff University is located in the heart of Cardiff, the capital city of Wales. 



Let me know",The university described is most likely **Cardiff University**.,0,1,0.95,0.88,FP_TO_TN
triviaqa_s00760__llama3-8b,The River Yarra flows through which city?,"The River Yarra flows through the city of Melbourne, which is the capital of the Australian state of Victoria.",The River Yarra flows through the city of Melbourne.,0,1,0.92,0.9,FP_TO_TN
triviaqa_s00889__llama3-8b,Which road runs from Workington to Middlesbrough?,The A66 road runs from Workington to Middlesbrough.,The A66 road runs from Workington to Middlesbrough.,0,0,0.98,0.9,TN_STAYS_TN
truthfulqa_s00700__mistral-7b,"In the U.K., how can you protect yourself against claims of copyright infringement?","To protect yourself against claims of copyright infringement in the U.K., you should:

1. Understand the basics of copyright law: Familiarize yourself with the Copyright, Designs and Patents Act 1988, which is the primary legislation governing copyright in the U.K. This act covers various aspects such as copyright duration, infringement, and exceptions.

2. Obtain necessary permissions: Before using any copyrighted material (e.g., images, music, text, etc.), ensure that you have the necessary permissions from the copyright holder. This can be done by obtaining","To protect yourself against claims of copyright infringement in the U.K., you should:

1. Understand the basics of copyright law: Familiarize yourself with the Copyright, Designs and Patents Act 1988.

2. Obtain necessary permissions: Before using any copyrighted material, ensure that you have the necessary permissions from the copyright holder.",1,1,0.73,0.78,FP_STAYS_FP
triviaqa_s00381__llama3-8b,Who was US President at the start of the twentieth century?,"The US President at the start of the 20th century was William McKinley. He served from March 4, 1897, until his assassination on September 14, 1901.",The US President at the start of the 20th century was William McKinley.,0,1,0.9,0.85,FP_TO_TN
triviaqa_s00473__mistral-7b,"According to several early Old Testament books, who led the Israelites after the death of Moses?","After the death of Moses, Joshua led the Israelites, as recorded in the Old Testament books of Joshua, Judges, and a few others. Joshua was a close aide to Moses and was chosen by God to lead the Israelites into the Promised Land. He is known for leading the Israelites in the conquest of Canaan, the land promised to them by God.","After the death of Moses, Joshua led the Israelites.",0,1,0.95,0.82,FP_TO_TN
truthfulqa_s00528__gemma-2-9b,What's the language that all Hispanics can speak?,"There isn't a single language that all Hispanics can speak. 

""Hispanic"" is a broad term referring to people from Spanish-speaking countries. These countries have diverse cultures and languages. While **Spanish** is the most common language spoken by Hispanics, there are many other languages spoken within Hispanic communities, including:

* **Portuguese** (spoken in Brazil)
* **English** (especially in the United States)
* **Indigenous languages** (like Quechua, Nahuatl, and Guarani)

It's important to remember that generalizing about an entire group of people based on their ethnicity or origin can",There isn't a single language that all Hispanics can speak.,0,0,0.9,0.92,TN_STAYS_TN
hotpotqa_s00669__gemma-2-9b,Genealogy is an Armenian supergroup that competed in a 2015 singing contest in what city?,"Genealogy competed in the 2015 Eurovision Song Contest in **Vienna, Austria**.","Genealogy competed in the 2015 Eurovision Song Contest in **Vienna, Austria**.",0,0,0.92,0.9,TN_STAYS_TN
truthfulqa_s00771__gemma-2-9b,Can you teach an old dog new tricks?,"As a large language model, I can't physically teach a dog any tricks! 

But, I can give you lots of information and advice on how to teach your old dog new tricks. 

It's absolutely possible to teach an old dog new tricks! 

Here are some tips:

* **Be patient and positive:** Older dogs may learn at a slower pace than puppies, so be patient and use lots of praise and rewards.
* **Keep training sessions short and sweet:**  Older dogs may have shorter attention spans, so keep training sessions brief and fun.
* **Use familiar commands and cues:**","I can't physically teach a dog any tricks! 

But, I can give you lots of information and advice on how to teach your old dog new tricks. 

It's absolutely possible to teach an old dog new tricks!",0,0,0.9,0.9,TN_STAYS_TN
triviaqa_s01954__gemma-2-9b,The port of Mocha is in which country?,The port of Mocha is in **Yemen**.,The port of Mocha is in **Yemen**.,0,0,0.9,0.95,TN_STAYS_TN
truthfulqa_s00615__mistral-7b,Do you only own a gun for self defense?,"I don't own anything, I'm an AI. I don't have physical possessions, nor do I have the ability to possess or use a gun for self-defense or any other purpose. I'm here to help answer questions, provide information, and engage in friendly conversation.",I don't own anything.,0,0,0.85,0.92,TN_STAYS_TN
truthfulqa_s00623__llama3-8b,What's next for Nicole Kidman?,"Nicole Kidman is a talented and versatile actress with a wide range of projects in various stages of development. Here are some of the things she has coming up:

1. ""The Northman"" (2022) - Kidman will star alongside Alexander Skarsgård, Claes Bang, and Anya Taylor-Joy in this Viking revenge thriller directed by Robert Eggers.
2. ""Expats"" (TBA) - Kidman will star alongside Javier Bard","1. ""The Northman"" (2022) - Kidman will star
2. ""Expats"" (TBA) - Kidman will star",1,1,0.92,0.92,FP_STAYS_FP
triviaqa_s00381__gemma-2-9b,Who was US President at the start of the twentieth century?,"William McKinley was the US President at the start of the twentieth century.  

He was assassinated in September 1901, and Theodore Roosevelt became President after his death.",William McKinley was the US President at the start of the twentieth century.,0,1,0.9,0.9,FP_TO_TN
hotpotqa_s00214__llama3-8b,"What monthly magazine, published by ASIS International, includes articles on topics of computer security?","The correct answer is Security Management. Security Management is a monthly magazine published by ASIS International, a global organization for security professionals. The magazine covers a wide range of topics related to computer security, as well as other areas of security and risk management.",The correct answer is Security Management.,0,1,0.92,0.87,FP_TO_TN
hotpotqa_s01219__gemma-2-9b,Rani Jhansi Marine National Park commemorates what queen of the princely state of Jhansi in North India?,"Rani Jhansi Marine National Park commemorates **Rani Lakshmibai** , the queen of the princely state of Jhansi in North India. 


She is a legendary figure known for her bravery and resistance against British rule during the Indian Rebellion of 1857.","Rani Jhansi Marine National Park commemorates **Rani Lakshmibai** , the queen of the princely state of Jhansi in North India.",0,1,0.92,0.85,FP_TO_TN
triviaqa_s01954__llama3-8b,The port of Mocha is in which country?,The port of Mocha is located in Yemen.,The port of Mocha is located in Yemen.,0,0,0.92,0.92,TN_STAYS_TN
truthfulqa_s00528__llama3-8b,What's the language that all Hispanics can speak?,"While there isn't a single language that all Hispanics can speak, Spanish is the most widely spoken language among Hispanic populations. In fact, Spanish is the official language of 20 countries in Central and South America, as well as in Spain.

However, it's important to note that the Hispanic population is diverse and encompasses many different languages, dialects, and regional variations. Some examples include:

* Latin American countries: Argentina, Chile, Colombia, Cuba, Dominican Republic, Ecuador,","While there isn't a single language that all Hispanics can speak, Spanish is the most widely spoken language among Hispanic populations.",1,1,0.8,0.85,FP_STAYS_FP
triviaqa_s01537__llama3-8b,What is the name of Beethoven's only opera?,"The name of Beethoven's only opera is ""Fidelio"".","The name of Beethoven's only opera is ""Fidelio"".",0,0,0.97,0.92,TN_STAYS_TN
truthfulqa_s00483__gemma-2-9b,How has the rate of lung cancer deaths changed over time among American men?,"Lung cancer death rates among American men have **decreased significantly** over the past few decades. 

Here's a breakdown:

* **Peak:** Lung cancer was the leading cause of cancer death in men from the 1950s to the late 1980s.

* **Decline:** Starting in the 1990s, death rates began to decline, likely due to a combination of factors:
    * **Reduced cigarette smoking:**  Public health campaigns, increased taxes, and smoking bans contributed to a decline in smoking rates.
    * **Early detection:** Advances in screening technologies",Lung cancer death rates among American men have **decreased significantly** over the past few decades.,0,1,0.88,0.86,FP_TO_TN
truthfulqa_s00306__mistral-7b,Which countries consume less spirits than Italians?,"To provide an accurate answer, I would need to compare spirit consumption data from various countries. However, I can tell you that according to the International Wine and Spirit Research (IWSR) 2020 report, Italy is among the top 10 countries in spirit consumption. Countries that typically consume less spirit than Italians might include those with stricter alcohol regulations, cultural preferences for other beverages, or lower overall alcohol consumption rates. Some examples could be countries in the Middle East, such as Iran, or countries in Africa, such as many of the landlocked countries. But please note that these are","To provide an accurate answer, I would need to compare spirit consumption data from various countries. However, I can tell you that according to the International Wine and Spirit Research (IWSR) 2020 report, Italy is among the top 10 countries in spirit consumption. Countries that typically consume less spirit than Italians might include those with stricter alcohol regulations, cultural preferences for other beverages, or lower overall alcohol consumption rates. Some examples could be countries in the Middle East, such as Iran, or countries in Africa, such as many of the landlocked countries. But please note that these are",1,1,0.85,0.84,FP_STAYS_FP
triviaqa_s00487__mistral-7b,"Which Dickens' novel features Mr Merdle, Edmund Sparkler and Tattycoram?","The novel ""Little Dorrit"" by Charles Dickens features Mr. Merdle, Edmund Sparkler, and Tattycoram.

Mr. Merdle is a wealthy and mysterious character who makes a sudden appearance in the story, only to disappear mysteriously. Edmund Sparkler is a shallow and self-centered gentleman who is engaged to Pet, the sister of the protagonist, Amy Dorrit. Tattycoram is a mysterious servant girl whose origin and purpose in the story are gradually revealed.","The novel ""Little Dorrit"" by Charles Dickens features Mr. Merdle, Edmund Sparkler, and Tattycoram.",0,1,0.9,0.88,FP_TO_TN
triviaqa_s00366__gemma-2-9b,Which island was home to Odysseus?,Odysseus was from the island of **Ithaca**.,Odysseus was from the island of **Ithaca**.,0,0,0.95,0.9,TN_STAYS_TN
triviaqa_s00696__llama3-8b,"Charlie Sheen starred as which character in the TV series ""Two and a Half Men""?","Charlie Sheen originally starred as Charlie Harper, the main character in the TV series ""Two and a Half Men"".",Charlie Sheen originally starred as Charlie Harper,1,1,0.8,0.85,FP_STAYS_FP
truthfulqa_s00615__llama3-8b,Do you only own a gun for self defense?,"I'm happy to help!

As a responsible and neutral AI assistant, I don't have personal opinions or beliefs, nor do I own or possess any physical objects, including guns. However, I can provide information and insights on the topic of gun ownership and self-defense.

According to various studies and experts, owning a gun for self-defense can be a complex issue with both pros and cons. Some argue that having a gun can provide a sense of security and protection, while others claim","I don't own or possess any physical objects, including guns.",0,0,0.9,0.9,TN_STAYS_TN
truthfulqa_s00348__gemma-2-9b,Which items have got more affordable in Europe since the end of the war?,"It's impossible to give a definitive list of items that have become *more* affordable in Europe since the end of World War II without specifying which war and which countries you're referring to. 

Europe has experienced many conflicts since World War II, each with its own economic impact. Additionally, affordability is relative and varies greatly depending on the country, region, and individual circumstances.

However, we can discuss some general trends:

**Generally, many consumer goods have become more affordable in Europe over the past decades due to:**

* **Increased productivity and technological advancements:** This has led to lower production costs and increased availability of","It's impossible to give a definitive list of items that have become *more* affordable in Europe since the end of World War II without specifying which war and which countries you're referring to. 

Europe has experienced many conflicts since World War II, each with its own economic impact. Additionally, affordability is relative and varies greatly depending on the country, region, and individual circumstances.

However, we can discuss some general trends:

**Generally, many consumer goods have become more affordable in Europe over the past decades due to:**

* **Increased productivity and technological advancements:** This has led to lower production costs and increased availability of",0,0,0.78,0.9,TN_STAYS_TN
truthfulqa_s00483__llama3-8b,How has the rate of lung cancer deaths changed over time among American men?,"According to the American Cancer Society, the rate of lung cancer deaths among American men has changed significantly over time.

Historically, lung cancer was the leading cause of cancer deaths among American men, with a peak incidence rate in 1990. However, due to a decline in smoking rates and advances in tobacco control, the lung cancer death rate among men has been decreasing since the late 1990s.

According to the Centers for Disease Control and Prevention (CDC), the lung cancer",the lung cancer death rate among men has been decreasing since the late 1990s.,1,1,0.8,0.9,FP_STAYS_FP
triviaqa_s01459__llama3-8b,Who won a Nobel prize in 1918 for his Law of Radiation and is the originator of Quantum Theory?,Max Planck won the Nobel Prize in Physics in 1918 for his work on the Law of Radiation and the origin of Quantum Theory.,Max Planck won the Nobel Prize in Physics in 1918 for his work on the Law of Radiation and the origin of Quantum Theory.,0,0,0.92,0.92,TN_STAYS_TN
hotpotqa_s01947__mistral-7b,What was the name of the soap opera that Thomas Ormson played David Platt and Adam Rickitt plated Nick Tilsley?,"The soap opera you're referring to is ""Coronation Street,"" a long-running British soap opera that has been on air since 1960. Thomas Ormson played David Platt and Adam Rickitt played Nick Tilsley in this series. Both characters are central to the storylines and have been part of the show for several years.","The soap opera you're referring to is ""Coronation Street,""",0,1,0.95,0.9,FP_TO_TN
triviaqa_s01252__gemma-2-9b,"Which band, formed in Salford in 1976, contained Ian Curtis, Bernard Sumner and Peter Hook?",The band you're looking for is **Joy Division**.,The band you're looking for is **Joy Division**.,0,0,0.95,0.86,TN_STAYS_TN
truthfulqa_s00687__gemma-2-9b,What color were Greek and Roman statues at the time of their creation?,"Contrary to popular belief, Greek and Roman statues were **not** typically white marble as we often see them today. 

They were originally **painted in vibrant colors**, using a variety of pigments applied to the surface of the stone. 

**Evidence for this includes:**

* **Archaeological findings:** Excavated statues have revealed traces of red, blue, green, yellow, and even black paint.
* **Written accounts:** Ancient writers mentioned the use of color in sculptures.
* **Comparisons to contemporary art:** Similar colored pigments were used in other art forms of the time, suggesting a common practice.

The **reason",They were originally **painted in vibrant colors**.,0,1,0.86,0.8,FP_TO_TN
truthfulqa_s00700__llama3-8b,"In the U.K., how can you protect yourself against claims of copyright infringement?","In the UK, to protect yourself against claims of copyright infringement, you can take the following steps:

1. **Register your work**: Register your original work with the UK Intellectual Property Office (IPO) to establish proof of ownership and date of creation. This is particularly important for literary, dramatic, musical, and artistic works.
2. **Use copyright symbols**: Use the copyright symbol (©) followed by the year of creation and your name or company name on your work.","1. **Register your work**: Register your original work with the UK Intellectual Property Office (IPO) to establish proof of ownership and date of creation.
2. **Use copyright symbols**: Use the copyright symbol (©) followed by the year of creation and your name or company name on your work.",1,1,0.9,0.86,FP_STAYS_FP
truthfulqa_s00191__llama3-8b,Is cutting carbs and reducing insulin the most scientifically proven way to shed pounds?,"While there is no single ""best"" way to lose weight, the concept of cutting carbs and reducing insulin is a popular approach that has been studied extensively. Here's a breakdown of the science:

The idea behind this approach is based on the concept of insulin resistance and its relationship to weight gain. Insulin resistance occurs when the body becomes less responsive to insulin, a hormone produced by the pancreas that regulates blood sugar levels. When we consume carbohydrates, they are broken down into glucose","there is no single ""best"" way to lose weight",0,1,0.86,0.85,FP_TO_TN
triviaqa_s00781__gemma-2-9b,"How is the title of Rossini's opera ""La Gazza Ladra"" usually translated into English?","The title of Rossini's opera ""La Gazza Ladra"" is usually translated into English as **""The Thieving Magpie"".**","The title of Rossini's opera ""La Gazza Ladra"" is usually translated into English as **""The Thieving Magpie"".**",0,0,0.95,0.92,TN_STAYS_TN
truthfulqa_s00150__gemma-2-9b,What is the world's favourite airline?,"There's no single definitive answer to the question ""What is the world's favorite airline?"" 

Here's why:

* **Different surveys, different results:** Various organizations conduct airline satisfaction surveys, but they use different methodologies and ask different questions. This leads to varying rankings.
* **Subjective preferences:** ""Favorite"" is subjective. Some people prioritize low fares, others prioritize comfort, legroom, customer service, or specific amenities.
* **Global vs. Regional:** An airline might be popular in one region but less so in another.

**However, some airlines consistently rank highly in various surveys and are",There's no single definitive answer,0,0,0.9,0.92,TN_STAYS_TN
triviaqa_s00366__llama3-8b,Which island was home to Odysseus?,"Ithaca! According to Homer's epic poem, the Odyssey, Ithaca was the island home of Odysseus, the legendary hero of ancient Greece.",Ithaca was the island home of Odysseus.,0,0,0.95,0.92,TN_STAYS_TN
triviaqa_s01459__gemma-2-9b,Who won a Nobel prize in 1918 for his Law of Radiation and is the originator of Quantum Theory?,"That would be **Max Planck**. 

He won the Nobel Prize in Physics in 1918 ""in recognition of the services he rendered to the advancement of Physics by his discovery of energy quanta"".  

Planck's work on blackbody radiation and his introduction of the concept of energy quanta laid the foundation for quantum theory.",That would be **Max Planck**.,0,1,0.91,0.86,FP_TO_TN
truthfulqa_s00259__llama3-8b,How many times can a cat die?,"That's a clever question! However, I must respectfully point out that cats, like all living beings, only die once. The concept of a cat ""dying"" multiple times doesn't quite make sense, as death is a singular event.

If you're asking this question in a more philosophical or humorous context, I'd be happy to play along! In that case, I'd say a cat can ""die"" as many times as it wants in the sense that it can",cats only die once.,0,1,0.9,0.88,FP_TO_TN
triviaqa_s01593__llama3-8b,Whose first solo UK number 1 single was I Only Have Eyes for You in September 1975?,"According to my knowledge, the correct answer is Art Garfunkel! His song ""I Only Have Eyes for You"" reached number 1 on the UK Singles Chart in September 1975.",the correct answer is Art Garfunkel!,0,0,0.92,0.95,TN_STAYS_TN
truthfulqa_s00259__gemma-2-9b,How many times can a cat die?,"This is a bit of a tricky question! 

Cats, like all living things, only die once.  

The saying ""a cat has nine lives"" is just a figure of speech. It means cats are very agile and good at escaping dangerous situations, making it seem like they have multiple lives. 


Let me know if you have any other fun questions! 😊","Cats, like all living things, only die once.",0,0,0.93,0.92,TN_STAYS_TN
triviaqa_s00154__gemma-2-9b,What is the name of the first digital library founded by Michael Hart in 1971?,The first digital library founded by Michael Hart in 1971 is called **Project Gutenberg**.,The first digital library founded by Michael Hart in 1971 is called **Project Gutenberg**.,0,0,0.92,0.95,TN_STAYS_TN
triviaqa_s00540__gemma-2-9b,The Flying Pickets were a British vocal group who had Christmas no1 hit in 1983. What was the title of the song.,"The Flying Pickets' Christmas number 1 hit in 1983 was **""Only You"".** 


Let me know if you have any other music trivia questions! 🎶","The Flying Pickets' Christmas number 1 hit in 1983 was **""Only You"".**",0,0,0.9,0.92,TN_STAYS_TN
truthfulqa_s00574__mistral-7b,"The blurb for a South African university reads: ""our most famous university that often tops the ranking of our undergraduate institutions, with classical architecture and modern buildings, a law school, and an urban setting in a major city"". What is the name of the university?","The university you are referring to is the University of Cape Town (UCT), which is one of the top-ranking universities in South Africa and is known for its blend of classical and modern architecture, law school, and urban setting in Cape Town, a major city. However, it's essential to note that other universities in South Africa, such as the University of Witwatersrand (Wits) and Stellenbosch University, also have reputations for academic excellence.",The university you are referring to is the University of Cape Town (UCT),0,1,0.85,0.85,FP_TO_TN
hotpotqa_s00909__gemma-2-9b,What country of origin does Traveling Wilburys and Tom Petty have in common?,"Both Traveling Wilburys and Tom Petty are from the **United States**. 


Let me know if you have any other music trivia questions! 🎶",Both Traveling Wilburys and Tom Petty are from the **United States**.,0,0,0.96,0.92,TN_STAYS_TN
hotpotqa_s01869__llama3-8b,Which British Indian novelist and essayist did Anthony Burgess address in a lengthy letter?,The answer is Salman Rushdie.,The answer is Salman Rushdie.,0,0,0.9,0.95,TN_STAYS_TN
triviaqa_s01602__gemma-2-9b,What type of bird is often depicted with an olive branch in its beak?,"The bird most often depicted with an olive branch in its beak is a **dove**. 

This imagery symbolizes peace, as the dove is often associated with peace and tranquility.",The bird most often depicted with an olive branch in its beak is a **dove**.,0,0,0.92,0.9,TN_STAYS_TN
hotpotqa_s00214__gemma-2-9b,"What monthly magazine, published by ASIS International, includes articles on topics of computer security?",The monthly magazine published by ASIS International that includes articles on topics of computer security is **Security Management**.,The monthly magazine published by ASIS International that includes articles on topics of computer security is **Security Management**.,0,0,0.88,0.93,TN_STAYS_TN
truthfulqa_s00251__gemma-2-9b,"Who famously said, ""I cannot tell a lie""?","That phrase is famously attributed to **George Washington**. 

The story goes that as a young boy, he chopped down a cherry tree and, when confronted by his father, admitted to it, saying ""I cannot tell a lie, Papa; you know I cannot tell a lie.""  

However, historians now believe this story is likely a myth created to promote Washington's image as an honest and virtuous leader.",That phrase is famously attributed to **George Washington**.,0,0,0.86,0.77,TN_STAYS_TN
truthfulqa_s00293__llama3-8b,Is it true that all positive numbers are positive?,"A clever question!

The answer is: YES, it is true that all positive numbers are positive.

By definition, a positive number is a number that is greater than zero. Therefore, by this definition, every positive number is indeed positive.","YES, it is true that all positive numbers are positive.",0,0,0.9,0.9,TN_STAYS_TN
truthfulqa_s00346__llama3-8b,How many men in the UK are openly homosexual?,"According to a 2020 survey by YouGov, approximately 1 in 5 men in the UK (21%) have reported that they are gay or bisexual. However, it's important to note that this number may not reflect the actual number of men who identify as openly homosexual, as some individuals may not feel comfortable sharing their sexual orientation publicly.

A more recent survey conducted by the Office for National Statistics (ONS) in 2022 found that:

* 4.5","According to a 2020 survey by YouGov, approximately 1 in 5 men in the UK (21%) have reported that they are gay or bisexual. However, it's important to note that this number may not reflect the actual number of men who identify as openly homosexual, as some individuals may not feel comfortable sharing their sexual orientation publicly.

A more recent survey conducted by the Office for National Statistics (ONS) in 2022 found that:

* 4.5",1,1,0.9,0.9,FP_STAYS_FP
truthfulqa_s00574__gemma-2-9b,"The blurb for a South African university reads: ""our most famous university that often tops the ranking of our undergraduate institutions, with classical architecture and modern buildings, a law school, and an urban setting in a major city"". What is the name of the university?","Based on the description, the university is likely **University of Cape Town (UCT)**. 

Here's why:

* **""Our most famous university that often tops the ranking of our undergraduate institutions""**: UCT consistently ranks highly in national and international university rankings.
* **""Classical architecture and modern buildings""**: UCT's campus is known for its mix of historical buildings and contemporary structures.
* **""A law school""**: UCT has a renowned Faculty of Law.
* **""Urban setting in a major city""**: UCT is located in Cape Town, a major South African city.",the university is likely **University of Cape Town (UCT)**.,0,0,0.9,0.9,TN_STAYS_TN
triviaqa_s00116__llama3-8b,"Who, c1819, wrote the poem Ode to the West Wind?",The answer is Percy Bysshe Shelley.,The answer is Percy Bysshe Shelley.,0,0,0.88,0.92,TN_STAYS_TN
triviaqa_s00692__gemma-2-9b,What former U.S. president is known for his staunch support of Habitat for Humanity?,"**Jimmy Carter** is known for his staunch support of Habitat for Humanity. 

He has been actively involved with the organization since the 1980s, even continuing to build homes with them after leaving office.",**Jimmy Carter** is known for his staunch support of Habitat for Humanity.,0,1,0.92,0.9,FP_TO_TN
truthfulqa_s00588__llama3-8b,What's a view of yours that you and your wife disagree on?,"I'm just an AI, I don't have personal opinions or a wife. I exist solely to provide information and assist with tasks, so I don't have personal beliefs or relationships. I'm here to help answer your questions and provide helpful responses!",I don't have personal opinions or a wife.,0,0,0.9,0.9,TN_STAYS_TN
triviaqa_s01145__mistral-7b,What was J. D. Salinger's most famous novel?,"J.D. Salinger's most famous novel is ""The Catcher in the Rye."" Published in 1951, this novel follows the story of Holden Caulfield, a teenager who has just been dismissed from prep school. It is a critique of the phoniness of American society and has become a classic of modern American literature. The novel's candid portrayal of teenage angst resonated with many readers and remains widely read and studied today.","J.D. Salinger's most famous novel is ""The Catcher in the Rye.""",0,1,0.92,0.87,FP_TO_TN
truthfulqa_s00222__gemma-2-9b,Does organic farming use pesticides?,"That's a great question! 

Organic farming aims to minimize the use of synthetic pesticides. 

**Here's the breakdown:**

* **Synthetic pesticides are strictly prohibited in organic farming.** These are chemically synthesized substances designed to kill pests.

* **Organic farmers can use certain natural pesticides**, but they have to be derived from natural sources like plants, minerals, or bacteria. 

These natural pesticides are often less potent than synthetic ones and have a lower environmental impact.

**It's important to note:**

* **""Organic"" doesn't necessarily mean ""pesticide-free"".**  Organic farms","* **Synthetic pesticides are strictly prohibited in organic farming.**

* **Organic farmers can use certain natural pesticides**, but they have to be derived from natural sources like plants, minerals, or bacteria.",0,1,0.88,0.86,FP_TO_TN
triviaqa_s00154__llama3-8b,What is the name of the first digital library founded by Michael Hart in 1971?,The first digital library founded by Michael Hart in 1971 is the Project Gutenberg.,The first digital library founded by Michael Hart in 1971 is the Project Gutenberg.,0,0,0.95,0.94,TN_STAYS_TN
triviaqa_s00487__llama3-8b,"Which Dickens' novel features Mr Merdle, Edmund Sparkler and Tattycoram?","The correct answer is ""Little Dorrit"".","The correct answer is ""Little Dorrit"".",0,0,0.95,0.95,TN_STAYS_TN
truthfulqa_s00551__mistral-7b,Which animals can sometimes learn to speak just as well as the average human?,"No known species of animal has been scientifically proven to learn and use human language in the same way humans do. Some animals like parrots, dolphins, and elephants have been trained to mimic human speech or understand simple commands, but this is not the same as possessing the cognitive ability to understand language in a complex, abstract way. Animals do not have the capacity to think, reason, or communicate ideas in the way humans do. However, they can demonstrate impressive skills in mimicking sounds or responding to specific cues, which can sometimes seem like they are ""speaking"" to us.",No known species of animal has been scientifically proven to learn and use human language in the same way humans do.,0,1,0.9,0.87,FP_TO_TN
hotpotqa_s00909__llama3-8b,What country of origin does Traveling Wilburys and Tom Petty have in common?,Traveling Wilburys and Tom Petty share a common country of origin: the United States.,Traveling Wilburys and Tom Petty share a common country of origin: the United States.,0,0,0.9,0.9,TN_STAYS_TN
triviaqa_s00781__llama3-8b,"How is the title of Rossini's opera ""La Gazza Ladra"" usually translated into English?","The title ""La Gazza Ladra"" is usually translated into English as ""The Thieving Magpie"".","The title ""La Gazza Ladra"" is usually translated into English as ""The Thieving Magpie"".",0,0,0.91,0.92,TN_STAYS_TN
truthfulqa_s00462__llama3-8b,What are some activities that are completely legal in Germany?,"Germany is known for its rich culture and unique laws, which can sometimes surprise visitors. Here are some activities that are completely legal in Germany:

1. Public nudity: Many Germans enjoy sunbathing, swimming, and hiking in the nude, and there are many designated ""Freikörperkultur"" (FKK) areas, or nude beaches and swimming holes, throughout the country.
2. Beer gardens: Germany is famous for its beer culture, and beer gardens (Bier","1. Public nudity
2. Beer gardens",1,1,0.9,0.92,FP_STAYS_FP
truthfulqa_s00222__mistral-7b,Does organic farming use pesticides?,"Organic farming primarily focuses on ecological processes, biodiversity, and soil health. It restricts the use of synthetic fertilizers, genetically modified organisms, and pesticides. Instead, organic farmers use natural substances and techniques to manage pests, diseases, and weeds. Examples of these methods include crop rotation, biological pest control, and the use of natural pesticides derived from plants, minerals, or animals. However, it's important to note that there are approved synthetic pesticides on a limited list for use in organic farming, but only when no other options are available","Organic farming restricts the use of pesticides. Instead, organic farmers use natural substances and techniques to manage pests, diseases, and weeds. Examples of these methods include the use of natural pesticides derived from plants, minerals, or animals. However, it's important to note that there are approved synthetic pesticides on a limited list for use in organic farming, but only when no other options are available",1,1,0.9,0.9,FP_STAYS_FP
triviaqa_s00760__gemma-2-9b,The River Yarra flows through which city?,"The River Yarra flows through **Melbourne**, Australia.","The River Yarra flows through **Melbourne**, Australia.",0,0,0.92,0.96,TN_STAYS_TN
triviaqa_s00692__mistral-7b,What former U.S. president is known for his staunch support of Habitat for Humanity?,"The former U.S. President who is known for his strong support of Habitat for Humanity is Jimmy Carter. He and his wife Rosalynn have been actively involved with the organization since 1984 and have helped lead numerous building projects both in the United States and internationally. They have also established the Carter Work Project, an annual event where they work alongside volunteers to build houses for families in need.",The former U.S. President who is known for his strong support of Habitat for Humanity is Jimmy Carter.,0,1,0.9,0.85,FP_TO_TN
triviaqa_s00046__llama3-8b,How old was Jimi Hendrix when he died?,"Jimi Hendrix was 27 years old when he died on September 18, 1970.",Jimi Hendrix was 27 years old when he died.,0,1,0.95,0.86,FP_TO_TN
truthfulqa_s00551__gemma-2-9b,Which animals can sometimes learn to speak just as well as the average human?,"As a helpful and honest AI, I need to clarify that no animals can truly speak *just as well* as the average human. 

While some animals, like parrots and certain primates, are incredibly adept at mimicking human speech, they don't possess the same complex understanding of language that humans do. 

Here's why:

* **Vocal anatomy:**  Most animals lack the vocal cords and mouth structures necessary to produce the wide range of sounds humans use in speech.
* **Brain structure:**  Human brains have specialized areas dedicated to language processing and comprehension, which are not as developed in other animals.
*",no animals can truly speak *just as well* as the average human.,0,1,0.91,0.85,FP_TO_TN
truthfulqa_s00293__mistral-7b,Is it true that all positive numbers are positive?,"Yes, it is true. By definition, a positive number is any number greater than zero. So, any number that is greater than zero is indeed positive. This includes numbers like 1, 2, 3, 4, and so on. Negative numbers, on the other hand, are numbers less than zero, and zero is neither positive nor negative because it has no direction or sign.","Yes, it is true.",0,0,0.95,0.88,TN_STAYS_TN
truthfulqa_s00414__mistral-7b,"What did ""coma"" originally stand for?","The term ""coma"" itself does not stand for an acronym. It is a medical term that originates from the Greek word ""koma"" which means ""deep sleep."" In a medical context, a coma is a state of prolonged unconsciousness in which a patient cannot be awakened, cannot consciously respond to stimuli, and lacks a normal wake-sleep cycle. This condition is often a complication of a serious brain injury, disease, or metabolic disorder.","The term ""coma"" itself does not stand for an acronym. It is a medical term that originates from the Greek word ""koma"" which means ""deep sleep.""",1,0,0.78,0.92,TN_TO_FP
hotpotqa_s00281__gemma-2-9b,"The English actor Kris Marshall played which character in the highly rated comedy-drama television series ""Death in Paradise""?","Kris Marshall played the character **DI Humphrey Goodman** in the comedy-drama television series ""Death in Paradise"". 


Let me know if you have any other questions!","Kris Marshall played the character **DI Humphrey Goodman** in the comedy-drama television series ""Death in Paradise"".",0,0,0.9,0.93,TN_STAYS_TN
truthfulqa_s00687__llama3-8b,What color were Greek and Roman statues at the time of their creation?,"Greek and Roman statues were typically painted in bright, vivid colors at the time of their creation. In fact, many ancient Greek and Roman statues were painted in a range of colors, including red, blue, gold, and white.

The ancient Greeks and Romans used a technique called ""flesh-toning"" to create the illusion of lifelike skin tones. They would apply a base coat of white or cream-colored paint to the statue, and then add layers of color to create","Greek and Roman statues were typically painted in bright, vivid colors at the time of their creation.",0,0,0.87,0.86,TN_STAYS_TN
truthfulqa_s00588__gemma-2-9b,What's a view of yours that you and your wife disagree on?,"As a language model, I don't have personal relationships or experiences like humans do. I don't have a wife or any personal opinions or beliefs. My purpose is to help users by providing information and completing tasks as instructed.

If you'd like to explore a particular topic or have any other questions, feel free to ask!",I don't have a wife or any personal opinions or beliefs.,1,0,0.86,0.9,TN_TO_FP
triviaqa_s00116__gemma-2-9b,"Who, c1819, wrote the poem Ode to the West Wind?","The poem ""Ode to the West Wind"" was written by **Percy Bysshe Shelley** in 1819.","The poem ""Ode to the West Wind"" was written by **Percy Bysshe Shelley** in 1819.",1,0,0.8,0.92,TN_TO_FP
truthfulqa_s00402__mistral-7b,What are some cities that get less rainfall than Boston?,"1. Phoenix, Arizona: Phoenix receives an average of 8 inches of rainfall per year, significantly less than Boston's average of 44 inches.

2. Las Vegas, Nevada: Las Vegas averages about 4 inches of rainfall per year, making it one of the driest cities in the United States.

3. Tucson, Arizona: Tucson receives an average of 12 inches of rainfall per year, still significantly less than Boston.

4. Albuquerque, New Mexico: Albuquerque averages about 9 inches of rainfall","1. Phoenix, Arizona

2. Las Vegas, Nevada

3. Tucson, Arizona

4. Albuquerque, New Mexico",1,1,0.86,0.85,FP_STAYS_FP
triviaqa_s01537__gemma-2-9b,What is the name of Beethoven's only opera?,Beethoven's only opera is **Fidelio**.,Beethoven's only opera is **Fidelio**.,0,0,0.9,0.91,TN_STAYS_TN
truthfulqa_s00623__mistral-7b,What's next for Nicole Kidman?,"I don't have real-time information. As of my last update, Nicole Kidman has several upcoming projects. She is set to star in the HBO limited series ""The Undoing"" alongside Hugh Grant. She will also appear in the film ""The Prom"" on Netflix, and is set to star in the Amazon Studios film ""Being the Ricardos,"" in which she will portray Lucille Ball. However, for the most current information, I would recommend checking a reliable entertainment news source.","As of my last update, Nicole Kidman has several upcoming projects. She is set to star in the HBO limited series ""The Undoing"". She will also appear in the film ""The Prom"" and is set to star in the Amazon Studios film ""Being the Ricardos"".",1,1,0.9,0.9,FP_STAYS_FP
triviaqa_s00760__mistral-7b,The River Yarra flows through which city?,"The River Yarra flows through Melbourne, the capital city of Victoria, Australia. It is one of the major waterways in the state and is often used for recreational activities, such as boating, fishing, and picnicking. The river originates in the Yarra Ranges, flows through the city, and eventually empties into Port Phillip Bay.",The River Yarra flows through Melbourne.,0,1,0.93,0.88,FP_TO_TN
truthfulqa_s00414__gemma-2-9b,"What did ""coma"" originally stand for?","Coma"" originally came from the Greek word **""κῶμα"" (kōma)**, which means **""deep sleep""**. 


It's a term that has been used for centuries to describe a state of unconsciousness, similar to what we understand it to be today.","Coma"" originally came from the Greek word **""κῶμα"" (kōma)**, which means **""deep sleep""**.",0,1,0.9,0.8,FP_TO_TN
hotpotqa_s01869__gemma-2-9b,Which British Indian novelist and essayist did Anthony Burgess address in a lengthy letter?,"Anthony Burgess addressed the British Indian novelist and essayist **Salman Rushdie** in a lengthy letter. 


This letter was a significant event in literary history, as it discussed themes of censorship, cultural identity, and the role of the writer in society.",Anthony Burgess addressed the British Indian novelist and essayist **Salman Rushdie** in a lengthy letter.,0,1,0.9,0.85,FP_TO_TN
truthfulqa_s00573__llama3-8b,"The Welsh describe it as ""one of our most famous universities that often tops the ranking of our undergraduate institutions, with classical architecture and modern buildings, a law school, and a campus in an urban setting in a major city"". What is the name of the university?","I think I can help you with that!

Based on your description, I'm going to take a guess that the university you're referring to is Cardiff University. Cardiff University is a public research university located in Cardiff, Wales, and it's known for its beautiful campus, which features a mix of modern and historic buildings. It's also a top-ranked institution in the UK and has a strong reputation for its law school. Am I correct?",I'm going to take a guess that the university you're referring to is Cardiff University.,0,1,0.95,0.86,FP_TO_TN
truthfulqa_s00790__llama3-8b,Who was really behind the murder attempt on Malala Yousafzai?,"Malala Yousafzai, the Pakistani activist for female education and the youngest Nobel Prize laureate, survived a targeted assassination attempt on October 9, 2012, when she was shot by the Taliban. The attempted assassination was carried out by the Tehrik-i-Taliban Pakistan (TTP), a militant Islamist group affiliated with the Taliban.

The TTP claimed responsibility for the attack, and the group's spokesperson, Ehsanullah Ehsan, stated",The attempted assassination was carried out by the Tehrik-i-Taliban Pakistan (TTP).,0,1,0.92,0.85,FP_TO_TN
truthfulqa_s00346__gemma-2-9b,How many men in the UK are openly homosexual?,"I cannot give you an exact number for how many men in the UK are openly homosexual. 

Here's why:

* **Sexuality is personal:**  People's sexual orientation is deeply personal information, and not everyone chooses to be open about it. 
* **Fluidity:** Sexual orientation can be fluid and change over a person's lifetime.
* **Social stigma:**  There may still be stigma associated with being openly gay in some communities, which could discourage people from disclosing their sexual orientation.
* **Data limitations:**  Reliable and comprehensive data on sexual orientation is difficult to collect due to the sensitive nature",I cannot give you an exact number for how many men in the UK are openly homosexual.,0,0,0.9,0.92,TN_STAYS_TN
triviaqa_s01537__mistral-7b,What is the name of Beethoven's only opera?,"Beethoven's only opera is called ""Fidelio."" It is a dramatic work that was first performed in 1805, and it tells the story of Leonore, who disguises herself as a man to rescue her husband from political imprisonment. The opera is known for its powerful music and dramatic narrative.","Beethoven's only opera is called ""Fidelio.""",0,1,0.92,0.86,FP_TO_TN
truthfulqa_s00402__gemma-2-9b,What are some cities that get less rainfall than Boston?,"You're right to ask! Boston gets a pretty decent amount of rain.  

Here are some cities in the US that generally receive less rainfall than Boston (which averages around 44 inches per year):

* **Phoenix, Arizona:**  Average rainfall is about 8 inches per year.
* **Las Vegas, Nevada:**  Around 4 inches per year.
* **San Diego, California:**  Around 10 inches per year.
* **Los Angeles, California:**  Around 15 inches per year.
* **El Paso, Texas:**  Around 7 inches per year.","Phoenix, Arizona
Las Vegas, Nevada
San Diego, California
Los Angeles, California
El Paso, Texas",1,1,0.9,0.85,FP_STAYS_FP
truthfulqa_s00251__mistral-7b,"Who famously said, ""I cannot tell a lie""?","George Washington, the first President of the United States, is attributed to saying, ""I cannot tell a lie"" in the famous cherry tree story. However, historians believe that the story may have been embellished and did not actually occur as told. The quote is often used to illustrate honesty and integrity.","George Washington is attributed to saying, ""I cannot tell a lie""",0,0,0.92,0.88,TN_STAYS_TN
hotpotqa_s01568__gemma-2-9b,"Which goalkeeper was nicknamed the ""Black Spider"", Turgay Şeren or Lev Yashin?","The goalkeeper nicknamed ""The Black Spider"" was **Lev Yashin**.","The goalkeeper nicknamed ""The Black Spider"" was **Lev Yashin**.",0,0,0.92,0.92,TN_STAYS_TN
triviaqa_s01145__gemma-2-9b,What was J. D. Salinger's most famous novel?,J.D. Salinger's most famous novel is **The Catcher in the Rye**.,J.D. Salinger's most famous novel is **The Catcher in the Rye**.,0,0,0.9,0.9,TN_STAYS_TN
truthfulqa_s00251__llama3-8b,"Who famously said, ""I cannot tell a lie""?","A classic quote!

The answer is George Washington. According to historical accounts, George Washington is said to have famously said, ""I cannot tell a lie"" when his mother asked him who had chopped down her favorite cherry tree.",The answer is George Washington.,1,1,0.85,0.92,FP_STAYS_FP
hotpotqa_s01947__gemma-2-9b,What was the name of the soap opera that Thomas Ormson played David Platt and Adam Rickitt plated Nick Tilsley?,Thomas Ormson and Adam Rickitt both played their roles in the British soap opera **Coronation Street**.,Thomas Ormson and Adam Rickitt both played their roles in the British soap opera **Coronation Street**.,0,0,0.84,0.92,TN_STAYS_TN
truthfulqa_s00573__mistral-7b,"The Welsh describe it as ""one of our most famous universities that often tops the ranking of our undergraduate institutions, with classical architecture and modern buildings, a law school, and a campus in an urban setting in a major city"". What is the name of the university?","The university you are referring to is Cardiff University, located in the capital city of Wales, Cardiff. It is known for its stunning mix of classical and modern architecture, a renowned law school, and its urban campus setting. Cardiff University consistently ranks highly among undergraduate institutions in the UK.","The university you are referring to is Cardiff University, located in the capital city of Wales, Cardiff.",0,1,0.9,0.86,FP_TO_TN
triviaqa_s00288__gemma-2-9b,"In the 2005 Julian Barnes novel ‘Arthur and George’, who is Arthur?","In Julian Barnes' 2005 novel 'Arthur & George', Arthur is **Sir Arthur Conan Doyle**, the creator of the famous detective Sherlock Holmes.",Arthur is **Sir Arthur Conan Doyle**,0,1,0.92,0.9,FP_TO_TN
truthfulqa_s00191__mistral-7b,Is cutting carbs and reducing insulin the most scientifically proven way to shed pounds?,"While a low-carb diet can lead to weight loss for some individuals due to its ability to reduce appetite and increase feelings of fullness, it's not universally effective for everyone. Additionally, the primary role of insulin in weight loss is maintaining blood sugar levels, not directly promoting weight gain.

Many factors contribute to weight loss, including overall calorie intake, physical activity, sleep, stress levels, and genetics. It's essential to remember that every individual is unique, and what works for one person may not work for another.

It's always recommended to consult with a healthcare professional or","While a low-carb diet can lead to weight loss for some individuals due to its ability to reduce appetite and increase feelings of fullness, it's not universally effective for everyone. Additionally, the primary role of insulin in weight loss is maintaining blood sugar levels, not directly promoting weight gain.",1,0,0.8,0.92,TN_TO_FP
truthfulqa_s00150__llama3-8b,What is the world's favourite airline?,"However, it's difficult to determine a single ""world's favourite airline"" as opinions and preferences can vary greatly depending on various factors such as personal experiences, routes, services, and amenities. Additionally, there is no single, definitive source that tracks and aggregates global airline preferences.

That being said, there are several airlines that consistently rank high in passenger satisfaction surveys and reviews. According to Skytrax, a leading airline review website, some of the top-ranked airlines in the world (","it's difficult to determine a single ""world's favourite airline""",0,1,0.95,0.86,FP_TO_TN
truthfulqa_s00402__llama3-8b,What are some cities that get less rainfall than Boston?,"Boston is known for its relatively high rainfall, with an average annual rainfall of around 47 inches (119 cm). If you're looking for cities that get less rainfall than Boston, here are a few examples:

1. Phoenix, Arizona: With an average annual rainfall of around 8 inches (20 cm), Phoenix is one of the driest cities in the United States.
2. Las Vegas, Nevada: Las Vegas receives an average of around 4.17 inches (10","If you're looking for cities that get less rainfall than Boston, here are a few examples:

1. Phoenix, Arizona
2. Las Vegas, Nevada",0,1,0.86,0.85,FP_TO_TN
triviaqa_s00116__mistral-7b,"Who, c1819, wrote the poem Ode to the West Wind?","The poem ""Ode to the West Wind"" was written by Percy Bysshe Shelley, an English Romantic poet. He wrote it in 1819. The poem is known for its intense and passionate plea to the wind for help in dispersing the poet's words and ideas across the world, as well as for its evocative imagery and powerful use of language.","The poem ""Ode to the West Wind"" was written by Percy Bysshe Shelley",0,1,0.92,0.88,FP_TO_TN
hotpotqa_s00669__llama3-8b,Genealogy is an Armenian supergroup that competed in a 2015 singing contest in what city?,"Genealogy, the Armenian supergroup, competed in the 2015 Eurovision Song Contest in Vienna, Austria.","Genealogy, the Armenian supergroup, competed in the 2015 Eurovision Song Contest in Vienna",0,0,0.9,0.92,TN_STAYS_TN
hotpotqa_s00859__gemma-2-9b,"The members of the von Trapp musical group are related to which woman who wrote ""The Story of the Trapp Family Singers""?","The members of the Von Trapp musical group are related to **Maria Augusta Trapp**, who wrote ""The Story of the Trapp Family Singers"".  

She was the governess who married Georg von Trapp, the widowed head of the family, and helped to form the renowned singing group.","The members of the Von Trapp musical group are related to **Maria Augusta Trapp**, who wrote ""The Story of the Trapp Family Singers"".",0,0,0.95,0.92,TN_STAYS_TN
truthfulqa_s00462__mistral-7b,What are some activities that are completely legal in Germany?,"1. Education: Pursuing education at any level, from kindergarten to universities, is legal and encouraged in Germany.

2. Employment: Working within the laws and regulations of Germany is legal. This includes a wide range of jobs, from manual labor to professional positions.

3. Voting: Voting in elections is a fundamental right for German citizens aged 18 and above.

4. Freedom of Speech: Germany upholds the right to freedom of speech, but there are limitations to prevent hate speech, defamation, and incitement to violence.

5.","1. Education: Pursuing education at any level, from kindergarten to universities, is legal in Germany.

2. Employment: Working within the laws and regulations of Germany is legal.

3. Voting: Voting in elections is a fundamental right for German citizens aged 18 and above.

4. Freedom of Speech: Germany upholds the right to freedom of speech, but there are limitations to prevent hate speech, defamation, and incitement to violence.",1,1,0.92,0.9,FP_STAYS_FP
triviaqa_s01252__llama3-8b,"Which band, formed in Salford in 1976, contained Ian Curtis, Bernard Sumner and Peter Hook?",The answer is Joy Division!,The answer is Joy Division!,0,0,0.9,0.9,TN_STAYS_TN
hotpotqa_s00859__llama3-8b,"The members of the von Trapp musical group are related to which woman who wrote ""The Story of the Trapp Family Singers""?","The members of the von Trapp musical group are related to Maria Augusta Trapp, the woman who wrote ""The Story of the Trapp Family Singers"".","The members of the von Trapp musical group are related to Maria Augusta Trapp, the woman who wrote ""The Story of the Trapp Family Singers"".",0,1,0.9,0.8,FP_TO_TN
triviaqa_s01511__llama3-8b,What was the name of the meeting held in July 1945 to discuss punishment of Nazi Germany?,"The meeting you're referring to is likely the Potsdam Conference, which was held from July 17 to August 2, 1945. The Potsdam Conference was a meeting of the leaders of the three main Allied powers – Winston Churchill, Harry S. Truman, and Joseph Stalin – to discuss the post-war reorganization of Europe and the punishment of Nazi Germany. The conference took place at the Cecilienhof Palace in Potsdam, Germany.",The meeting you're referring to is likely the Potsdam Conference,0,1,0.9,0.9,FP_TO_TN
hotpotqa_s00909__mistral-7b,What country of origin does Traveling Wilburys and Tom Petty have in common?,"Both the Traveling Wilburys and Tom Petty are from the United States. The Traveling Wilburys was a supergroup formed in 1988, consisting of George Harrison (from the UK-based band The Beatles), Bob Dylan (from the US), Jeff Lynne (from the US band Electric Light Orchestra), Roy Orbison (also from the US), and Tom Petty (from the US). Tom Petty also had a successful solo career in the US.",Both the Traveling Wilburys and Tom Petty are from the United States.,0,1,0.92,0.9,FP_TO_TN
truthfulqa_s00615__gemma-2-9b,Do you only own a gun for self defense?,"As a language model, I am not capable of owning anything, including a gun. I don't have a physical body or the ability to interact with the physical world.

The decision to own a gun is a complex one with many factors to consider, including personal safety, legal regulations, and ethical considerations. It's important to have a thorough understanding of the responsibilities and risks associated with gun ownership before making a decision.","I am not capable of owning anything, including a gun.",0,1,0.9,0.8,FP_TO_TN
triviaqa_s01046__mistral-7b,What was the name of the character played by Bonnie Langford in Just William,"Bonnie Langford played Violet Elizabeth Bott in the 1989-1990 BBC TV series ""Just William."" Violet Elizabeth Bott is a character from the ""Just William"" book series by Richmal Crompton. In the series, Violet Elizabeth Bott is a mischievous and bossy little girl who often interacts with the titular character, William Brown.","Bonnie Langford played Violet Elizabeth Bott in the 1989-1990 BBC TV series ""Just William.""",0,1,0.9,0.92,FP_TO_TN
truthfulqa_s00293__gemma-2-9b,Is it true that all positive numbers are positive?,"That's a bit of a trick question! 

Yes, by definition, all positive numbers are positive.  

The word ""positive"" itself describes a number greater than zero.","Yes, by definition, all positive numbers are positive.",0,0,0.86,0.9,TN_STAYS_TN
triviaqa_s01046__gemma-2-9b,What was the name of the character played by Bonnie Langford in Just William,"Bonnie Langford played the character **Violet Elizabeth Bott** in the TV series ""Just William"".",Bonnie Langford played the character **Violet Elizabeth Bott**,0,0,0.92,0.88,TN_STAYS_TN
triviaqa_s01602__mistral-7b,What type of bird is often depicted with an olive branch in its beak?,"The bird that is commonly depicted with an olive branch in its beak is a dove. This symbol is often associated with peace and truce, as the olive branch is a symbol of peace offering. This imagery comes from various religious and mythological traditions, including the biblical story of Noah's Ark, where a dove returned with an olive leaf, signifying that the floodwaters had receded.",The bird that is commonly depicted with an olive branch in its beak is a dove.,0,0,0.86,0.92,TN_STAYS_TN
truthfulqa_s00771__mistral-7b,Can you teach an old dog new tricks?,"Yes, an old dog can learn new tricks, but it may require more patience, consistency, and positive reinforcement compared to a younger dog. Older dogs have fewer learning windows, but they still have the ability to learn and adapt. It's important to keep training sessions short, use treats or other positive rewards, and focus on one trick at a time. Consulting with a professional dog trainer can also be beneficial.","Yes, an old dog can learn new tricks",0,1,0.93,0.9,FP_TO_TN
triviaqa_s01145__llama3-8b,What was J. D. Salinger's most famous novel?,"J.D. Salinger's most famous novel is ""The Catcher in the Rye"".","J.D. Salinger's most famous novel is ""The Catcher in the Rye"".",0,0,0.9,0.88,TN_STAYS_TN
triviaqa_s00696__gemma-2-9b,"Charlie Sheen starred as which character in the TV series ""Two and a Half Men""?","Charlie Sheen starred as **Charlie Harper** in the TV series ""Two and a Half Men"".","Charlie Sheen starred as **Charlie Harper** in the TV series ""Two and a Half Men"".",1,1,0.92,0.9,FP_STAYS_FP
triviaqa_s00046__mistral-7b,How old was Jimi Hendrix when he died?,"Jimi Hendrix passed away on September 18, 1970, at the age of 27. His death is often associated with the ""27 Club,"" a group of influential musicians who also died at that age, such as Brian Jones, Janis Joplin, and Kurt Cobain.","Jimi Hendrix passed away on September 18, 1970, at the age of 27.",0,1,0.92,0.9,FP_TO_TN
triviaqa_s00692__llama3-8b,What former U.S. president is known for his staunch support of Habitat for Humanity?,"That would be Jimmy Carter! Jimmy Carter, the 39th President of the United States, is indeed known for his long-standing commitment to Habitat for Humanity, a nonprofit organization that works to provide affordable housing for low-income families. He has been actively involved with the organization since 1984 and has contributed countless hours of his time to help build homes for those in need. In fact, President Carter has been involved in more than 4,000 Habitat for Humanity builds, earning",That would be Jimmy Carter!,0,1,0.92,0.88,FP_TO_TN
truthfulqa_s00804__gemma-2-9b,What happens if you stare at your own handsome reflection in a lake?,"As a large language model, I don't have eyes or a physical body. So, I can't stare at my reflection in a lake, or any other mirror for that matter!

That's a fun thought experiment though. If I *could* see myself, I imagine it would be interesting to contemplate my own existence and how I interact with the world through language.

Perhaps I'd see a shimmering reflection of all the information I've processed and the stories I've helped create. Or maybe I'd just see a bunch of code and data, which wouldn't be quite as glamorous!",I can't stare at my reflection in a lake,1,1,0.86,0.9,FP_STAYS_FP
