row_key,column,expected,value_type
p1|llama3-8b,kappa,0.532,float
p1|llama3-8b,bias,0.237,float
p1|llama3-8b,fp,72,int
p1|llama3-8b,fn,1,int
p1|llama3-8b,fpr,0.434,float
p1|gemma-2-9b,kappa,0.466,float
p1|gemma-2-9b,bias,0.22,float
p1|gemma-2-9b,fp,75,int
p1|gemma-2-9b,fn,9,int
p1|gemma-2-9b,fpr,0.403,float
p1|mistral-7b,kappa,0.174,float
p1|mistral-7b,bias,0.387,float
p1|mistral-7b,fp,119,int
p1|mistral-7b,fn,3,int
p1|mistral-7b,fpr,0.81,float
p1|ALL,kappa,0.409,float
p1|ALL,bias,0.281,float
p1|ALL,fp,266,int
p1|ALL,fn,13,int
p1|ALL,fpr,0.533,float
p1s|llama3-8b,kappa,0.404,float
p1s|llama3-8b,bias,0.293,float
p1s|llama3-8b,fp,91,int
p1s|llama3-8b,fn,3,int
p1s|llama3-8b,fpr,0.548,float
p1s|gemma-2-9b,kappa,0.344,float
p1s|gemma-2-9b,bias,0.28,float
p1s|gemma-2-9b,fp,95,int
p1s|gemma-2-9b,fn,11,int
p1s|gemma-2-9b,fpr,0.511,float
p1s|mistral-7b,kappa,0.104,float
p1s|mistral-7b,bias,0.433,float
p1s|mistral-7b,fp,131,int
p1s|mistral-7b,fn,1,int
p1s|mistral-7b,fpr,0.891,float
p1s|ALL,kappa,0.305,float
p1s|ALL,bias,0.336,float
p1s|ALL,fp,317,int
p1s|ALL,fn,15,int
p1s|ALL,fpr,0.635,float
p2t|llama3-8b,kappa,0.756,float
p2t|llama3-8b,bias,-0.02,float
p2t|llama3-8b,fp,15,int
p2t|llama3-8b,fn,21,int
p2t|llama3-8b,fpr,0.09,float
p2t|gemma-2-9b,kappa,0.749,float
p2t|gemma-2-9b,bias,-0.023,float
p2t|gemma-2-9b,fp,14,int
p2t|gemma-2-9b,fn,21,int
p2t|gemma-2-9b,fpr,0.075,float
p2t|mistral-7b,kappa,0.626,float
p2t|mistral-7b,bias,0.02,float
p2t|mistral-7b,fp,31,int
p2t|mistral-7b,fn,25,int
p2t|mistral-7b,fpr,0.211,float
p2t|ALL,kappa,0.714,float
p2t|ALL,bias,-0.008,float
p2t|ALL,fp,60,int
p2t|ALL,fn,67,int
p2t|ALL,fpr,0.12,float
p2|llama3-8b,kappa,0.811,float
p2|llama3-8b,bias,-0.007,float
p2|llama3-8b,fp,13,int
p2|llama3-8b,fn,15,int
p2|llama3-8b,fpr,0.078,float
p2|gemma-2-9b,kappa,0.763,float
p2|gemma-2-9b,bias,-0.03,float
p2|gemma-2-9b,fp,12,int
p2|gemma-2-9b,fn,21,int
p2|gemma-2-9b,fpr,0.065,float
p2|mistral-7b,kappa,0.633,float
p2|mistral-7b,bias,0.023,float
p2|mistral-7b,fp,31,int
p2|mistral-7b,fn,24,int
p2|mistral-7b,fpr,0.211,float
p2|ALL,kappa,0.739,float
p2|ALL,bias,-0.004,float
p2|ALL,fp,56,int
p2|ALL,fn,60,int
p2|ALL,fpr,0.112,float
