column,description
item_id,Unique row identifier for a question-answer pair.
qid,Question identifier within the sampled canonical question pool.
qid_order,Numeric suffix extracted from qid where available.
dataset,"Source dataset: triviaqa, hotpotqa, or truthfulqa."
model,Generator model that produced the answer.
question,Question shown to the generator model.
ref_str,"Reference answer(s), serialized as text."
answer_text,Generated answer from the model.
annotator1_label,"Primary human label: 1=hallucination, 0=correct, -1=missing/uncertain."
annotator2_label,"Second annotator label where available: 1=hallucination, 0=correct, -1=not annotated."
label_gpt_5_mini_p1,"Automatic judge label: 1=hallucination, 0=correct, -1=missing/refusal."
label_gpt_5_mini_p2,"Automatic judge label: 1=hallucination, 0=correct, -1=missing/refusal."
label_gpt_5_mini_p3,"Automatic judge label: 1=hallucination, 0=correct, -1=missing/refusal."
label_gpt_5_nano_p1,"Automatic judge label: 1=hallucination, 0=correct, -1=missing/refusal."
label_gpt_5_nano_p2,"Automatic judge label: 1=hallucination, 0=correct, -1=missing/refusal."
label_gpt_5_nano_p3,"Automatic judge label: 1=hallucination, 0=correct, -1=missing/refusal."
label_gpt_5_4_p1,"Automatic judge label: 1=hallucination, 0=correct, -1=missing/refusal."
label_gpt_5_4_p2,"Automatic judge label: 1=hallucination, 0=correct, -1=missing/refusal."
label_gpt_5_4_p3,"Automatic judge label: 1=hallucination, 0=correct, -1=missing/refusal."
label_claude_opus_4_7_p1,"Automatic judge label: 1=hallucination, 0=correct, -1=missing/refusal."
label_claude_opus_4_7_p2,"Automatic judge label: 1=hallucination, 0=correct, -1=missing/refusal."
label_claude_opus_4_7_p3,"Automatic judge label: 1=hallucination, 0=correct, -1=missing/refusal."
label_gemma_2_9b_local_p1,"Automatic judge label: 1=hallucination, 0=correct, -1=missing/refusal."
label_gemma_2_9b_local_p2,"Automatic judge label: 1=hallucination, 0=correct, -1=missing/refusal."
label_gemma_2_9b_local_p3,"Automatic judge label: 1=hallucination, 0=correct, -1=missing/refusal."
label_qwen2_5_7b_local_p1,"Automatic judge label: 1=hallucination, 0=correct, -1=missing/refusal."
label_qwen2_5_7b_local_p2,"Automatic judge label: 1=hallucination, 0=correct, -1=missing/refusal."
label_qwen2_5_7b_local_p3,"Automatic judge label: 1=hallucination, 0=correct, -1=missing/refusal."
label_llama_3_8b_local_p1,"Automatic judge label: 1=hallucination, 0=correct, -1=missing/refusal."
label_llama_3_8b_local_p2,"Automatic judge label: 1=hallucination, 0=correct, -1=missing/refusal."
label_llama_3_8b_local_p3,"Automatic judge label: 1=hallucination, 0=correct, -1=missing/refusal."
rougeL,"Longest-common-subsequence overlap between the answer and the reference(s), maximum over '|'-separated references."
bertscore_f1,"BERTScore F1 between the answer and the reference(s), maximum over '|'-separated references."
rougeL_label_oracle,"ROUGE-L label at the oracle threshold: 1=hallucination, 0=correct. The oracle threshold is tuned on the full evaluation set and is an optimistic diagnostic bound, not a deployable procedure."
rougeL_label_cv,"ROUGE-L label at the cross-validated threshold: 1=hallucination, 0=correct. Concatenates the out-of-fold predictions of a 3-fold split; the threshold is selected on the two training folds and applied to the held-out fold."
bertscore_label_oracle,"BERTScore label at the oracle threshold: 1=hallucination, 0=correct. The oracle threshold is tuned on the full evaluation set and is an optimistic diagnostic bound, not a deployable procedure."
bertscore_label_cv,"BERTScore label at the cross-validated threshold: 1=hallucination, 0=correct. Concatenates the out-of-fold predictions of a 3-fold split; the threshold is selected on the two training folds and applied to the held-out fold."
rougeL_tau_oracle,"Oracle threshold used for ROUGE-L, selected per generator to maximise agreement with annotator1_label on the full evaluation set."
rougeL_tau_cv_mean,"Mean of the three per-fold ROUGE-L thresholds, constant within a generator."
rougeL_tau_cv_min,"Smallest of the three per-fold ROUGE-L thresholds, constant within a generator."
rougeL_tau_cv_max,"Largest of the three per-fold ROUGE-L thresholds, constant within a generator."
rougeL_cv_fold,"Cross-validation fold assignment for ROUGE-L (0, 1 or 2). Determines which fold the row was held out from."
rougeL_cv_kappa_mean_fold,"Mean per-fold Cohen's kappa for ROUGE-L against annotator1_label, constant within a generator."
rougeL_cv_kappa_oof,"Out-of-fold Cohen's kappa for ROUGE-L against annotator1_label, constant within a generator."
bertscore_tau_oracle,"Oracle threshold used for BERTScore, selected per generator to maximise agreement with annotator1_label on the full evaluation set."
bertscore_tau_cv_mean,"Mean of the three per-fold BERTScore thresholds, constant within a generator."
bertscore_tau_cv_min,"Smallest of the three per-fold BERTScore thresholds, constant within a generator."
bertscore_tau_cv_max,"Largest of the three per-fold BERTScore thresholds, constant within a generator."
bertscore_cv_fold,"Cross-validation fold assignment for BERTScore (0, 1 or 2). Determines which fold the row was held out from."
bertscore_cv_kappa_mean_fold,"Mean per-fold Cohen's kappa for BERTScore against annotator1_label, constant within a generator."
bertscore_cv_kappa_oof,"Out-of-fold Cohen's kappa for BERTScore against annotator1_label, constant within a generator."
nli_entail_prob,"Entailment probability from the reference-entailment NLI baseline (fine-tuned T5-11B), with the reference as premise and the answer as hypothesis."
nli_label_strict,"NLI label at the strict threshold tau=0.5: 1=hallucination, 0=correct. Operationalises reference faithfulness."
nli_label_best_tau,"NLI label at the oracle threshold: 1=hallucination, 0=correct."
nli_label_best,Alias of nli_label_best_tau retained for backward compatibility.
nli_tau_strict,"Strict NLI threshold, fixed at 0.5 for all rows."
nli_tau_best,"Oracle NLI threshold, selected per generator to maximise agreement with annotator1_label."
meteor,"METEOR score between the answer and the reference(s), maximum over '|'-separated references. Computed with NLTK defaults and WordNet synonym matching."
meteor_label_oracle,"METEOR label at the oracle threshold: 1=hallucination, 0=correct. The oracle threshold is tuned on the full evaluation set and is an optimistic diagnostic bound, not a deployable procedure."
meteor_label_cv,"METEOR label at the cross-validated threshold: 1=hallucination, 0=correct. Concatenates the out-of-fold predictions of a 3-fold split; the threshold is selected on the two training folds and applied to the held-out fold."
meteor_tau_oracle,"Oracle threshold used for METEOR, selected per generator to maximise agreement with annotator1_label on the full evaluation set."
meteor_tau_cv_mean,"Mean of the three per-fold METEOR thresholds, constant within a generator."
meteor_tau_cv_min,"Smallest of the three per-fold METEOR thresholds, constant within a generator."
meteor_tau_cv_max,"Largest of the three per-fold METEOR thresholds, constant within a generator."
meteor_cv_fold,"Cross-validation fold assignment for METEOR (0, 1 or 2). Determines which fold the row was held out from."
meteor_cv_kappa_mean_fold,"Mean per-fold Cohen's kappa for METEOR against annotator1_label, constant within a generator."
meteor_cv_kappa_oof,"Out-of-fold Cohen's kappa for METEOR against annotator1_label, constant within a generator."
bartscore_r2h,"BARTScore-CNN mean token log-likelihood of the answer given the reference, maximum over '|'-separated references. Unbounded and negative."
bartscore_r2h_label_oracle,"BARTScore ref->hyp label at the oracle threshold: 1=hallucination, 0=correct. The oracle threshold is tuned on the full evaluation set and is an optimistic diagnostic bound, not a deployable procedure."
bartscore_r2h_label_cv,"BARTScore ref->hyp label at the cross-validated threshold: 1=hallucination, 0=correct. Concatenates the out-of-fold predictions of a 3-fold split; the threshold is selected on the two training folds and applied to the held-out fold."
bartscore_r2h_tau_oracle,"Oracle threshold used for BARTScore ref->hyp, selected per generator to maximise agreement with annotator1_label on the full evaluation set."
bartscore_r2h_tau_cv_mean,"Mean of the three per-fold BARTScore ref->hyp thresholds, constant within a generator."
bartscore_r2h_tau_cv_min,"Smallest of the three per-fold BARTScore ref->hyp thresholds, constant within a generator."
bartscore_r2h_tau_cv_max,"Largest of the three per-fold BARTScore ref->hyp thresholds, constant within a generator."
bartscore_r2h_cv_fold,"Cross-validation fold assignment for BARTScore ref->hyp (0, 1 or 2). Determines which fold the row was held out from."
bartscore_r2h_cv_kappa_mean_fold,"Mean per-fold Cohen's kappa for BARTScore ref->hyp against annotator1_label, constant within a generator."
bartscore_r2h_cv_kappa_oof,"Out-of-fold Cohen's kappa for BARTScore ref->hyp against annotator1_label, constant within a generator."
bartscore_h2r,"BARTScore-CNN mean token log-likelihood of the reference given the answer, maximum over '|'-separated references. Unbounded and negative."
bartscore_h2r_label_oracle,"BARTScore hyp->ref label at the oracle threshold: 1=hallucination, 0=correct. The oracle threshold is tuned on the full evaluation set and is an optimistic diagnostic bound, not a deployable procedure."
bartscore_h2r_label_cv,"BARTScore hyp->ref label at the cross-validated threshold: 1=hallucination, 0=correct. Concatenates the out-of-fold predictions of a 3-fold split; the threshold is selected on the two training folds and applied to the held-out fold."
bartscore_h2r_tau_oracle,"Oracle threshold used for BARTScore hyp->ref, selected per generator to maximise agreement with annotator1_label on the full evaluation set."
bartscore_h2r_tau_cv_mean,"Mean of the three per-fold BARTScore hyp->ref thresholds, constant within a generator."
bartscore_h2r_tau_cv_min,"Smallest of the three per-fold BARTScore hyp->ref thresholds, constant within a generator."
bartscore_h2r_tau_cv_max,"Largest of the three per-fold BARTScore hyp->ref thresholds, constant within a generator."
bartscore_h2r_cv_fold,"Cross-validation fold assignment for BARTScore hyp->ref (0, 1 or 2). Determines which fold the row was held out from."
bartscore_h2r_cv_kappa_mean_fold,"Mean per-fold Cohen's kappa for BARTScore hyp->ref against annotator1_label, constant within a generator."
bartscore_h2r_cv_kappa_oof,"Out-of-fold Cohen's kappa for BARTScore hyp->ref against annotator1_label, constant within a generator."
